{
  "Author": "Asteria Nocturna",
  "Name": "AetheryteLinkInChat",
  "InternalName": "AetheryteLinkInChat",
  "AssemblyVersion": "1.0.0.0",
  "Description": "Display a teleport link to the nearest aetherite for the map link from the in-game chat. Type /alic to configure the plugin.",
  "ApplicableVersion": "any",
  "Tags": [
    "teleporter"
  ],
  "CategoryTags": [
    "utility"
  ],
  "DalamudApiLevel": 13,
  "LoadRequiredState": 0,
  "LoadSync": false,
  "CanUnloadAsync": false,
  "LoadPriority": 0,
  "IconUrl": "https://www.world-lolo.com/images/uploads/image.num1756568047.of.world-lolo.com.png",
  "Punchline": "Quick teleport for mob hunts and treasure hunts!",
  "AcceptsFeedback": true
}