{
  "Author": "Asteria Nocturna",
  "Name": "FaloopIntegration",
  "InternalName": "FaloopIntegration",
  "AssemblyVersion": "1.0.0.0",
  "Description": "Show Faloop mob spawn notifications in in-game chat. Type /faloop to configure the plugin.",
  "ApplicableVersion": "any",
  "Tags": [
    "mobhunt"
  ],
  "CategoryTags": [
    "social",
    "utility"
  ],
  "DalamudApiLevel": 13,
  "LoadRequiredState": 0,
  "LoadSync": false,
  "CanUnloadAsync": false,
  "LoadPriority": 0,
  "IconUrl": "https://www.world-lolo.com/images/uploads/image.num1756568397.of.world-lolo.com.png",
  "Punchline": "Faloop Notification in Chat",
  "AcceptsFeedback": true
}